Park,BBQ,Basketball Court,Playground,Restroom,Tennis Courts,Volleyball,Skate Park,Soccer Field,Pickleball
Gleason Park,False,False,True,True,True,True,False,True,False
Scottsdale Park,True,False,False,True,False,True,False,True,False
Meadows Park,False,True,True,True,False,False,False,True,False
Parkview II Park,True,False,True,True,True,False,False,False,False
Russo Park,True,True,True,False,False,False,True,False,False
Terrell Park,True,False,True,True,False,False,True,False,False
Parkview I Park,False,True,True,True,False,False,False,False,False
Fallon House,False,True,True,True,False,True,False,False,False
Almaden Entrance Triangle Park,False,False,True,True,False,False,False,True,True
Wilcox Park,True,False,False,True,False,False,False,False,True
Elizabeth P. Boyer Park,True,True,True,False,False,False,False,False,True
City Gardens Park,True,False,True,True,False,True,False,True,False
Butcher Park,False,False,True,True,False,False,False,True,False
Canoas Park,False,False,False,True,True,False,False,True,False
Lincoln Glen Park,False,True,True,False,True,False,False,True,False
Jesse Frey Community Garden,False,True,False,True,False,False,False,True,True
River Glen Park,True,False,True,True,False,False,False,False,True
Wallenberg Community Garden,False,True,False,False,True,False,False,True,False
Rubino Park,False,False,True,True,False,False,False,False,False
Roy Avenue Park,True,True,True,False,True,False,False,False,False
Wallenberg Park,False,False,True,False,False,False,False,False,True
Parque de los Pobladores,True,True,False,True,False,False,False,False,True
Peralta Adobe,True,True,True,False,False,True,False,False,False
O'Connor Park,True,False,True,True,False,False,False,True,False
Hamline Community Garden,True,True,True,True,False,False,False,False,False
Pueblo De Dios Community Garden,False,False,False,True,False,False,False,True,True
Valencia Park,False,False,False,True,False,False,False,False,True
Santana Row Pocket Park,True,False,True,True,False,False,False,False,False
Gullo Park,True,False,True,True,False,True,False,False,False
Cadwallader Park,True,True,True,True,True,True,False,False,False
Washington United Youth Center,False,True,False,True,False,True,True,False,False
Rincon South Park,False,False,False,False,False,False,False,False,False
Cannery Park,True,False,False,False,False,False,True,True,False
Heinlenville Park,False,True,True,True,False,False,False,False,False
Elia Park,True,False,True,True,True,False,False,True,False
Tamien Park,False,True,True,False,False,False,True,False,False
Tamien Park Phase II,True,False,False,False,True,True,False,False,True
3rd and Keyes Site,False,True,True,False,False,True,False,True,False
Hillsdale Fitness Park,True,False,False,True,False,True,False,True,False
Elaine Richardson Park,True,False,False,False,False,False,False,True,True
San Jose Animal Care Center,False,True,True,True,True,False,False,False,False
Kurte Park (DOT Managed Detention Basin),False,True,True,True,False,False,False,False,True
Singleton Site,True,True,True,True,False,False,False,False,False
Coyote Creek Parkchain - Reach 4B (COY15),True,False,True,True,True,False,False,True,False
Parkside Glen Park,True,False,True,True,False,False,False,True,False
William Lewis Manly Park,False,True,True,True,False,False,False,False,False
Kelley Park - Happy Hollow Park and Zoo,False,True,True,False,True,False,False,True,False
Coyote Creek Community Garden,False,False,True,True,False,True,True,True,False
Kelley Park - Vietnamese Heritage Garden,True,False,True,True,True,False,True,False,True
Spartan Keyes Neighborhood Center,False,True,True,False,True,False,False,False,False
Santa Clara County Fairgrounds,True,False,True,True,False,True,False,True,False
Dairy Hill Open Space,False,True,True,True,False,True,False,False,False
Ryland Park,True,False,False,True,False,True,False,True,False
Theodore Lenzen Park,True,True,True,True,False,False,False,False,False
Luna Park,True,False,False,True,False,False,False,True,False
Roberto Antonio Balermino Park,True,True,False,True,False,False,True,True,False
Parma Park,True,True,True,False,False,False,False,False,False
Greystone Park,False,False,True,True,True,False,False,False,False
Cahalan Park,True,False,False,True,False,False,False,True,False
Avenida Espana Park,False,False,True,True,False,False,False,False,False
Coy Park,True,False,True,True,True,False,False,False,True
Playa del Rey Park,False,False,False,True,False,False,False,False,False
Miner Park,True,True,True,True,False,True,False,True,True
Charlotte Commons,True,False,True,True,False,True,False,False,False
Chris Hotts Park,True,True,True,True,False,False,False,False,False
Bernal Gulnac Joice Ranch,True,True,True,False,False,False,False,False,True
Guadalupe Oak Grove Park - Vargas Pathway,True,False,True,False,False,False,False,True,False
Castillero Tennis Courts,True,True,True,True,True,False,False,False,False
Brookside Tot Lot,True,True,True,True,False,True,False,False,False
Almaden Youth Center (Bret Harte),False,False,True,True,False,False,False,True,False
Laguna Seca Community Garden,False,True,True,True,False,False,False,False,False
Chynoweth Park,False,False,True,True,False,False,False,True,True
Edenvale Youth Center,True,True,True,False,False,False,False,True,False
Foothill Park,False,True,True,True,False,False,False,False,True
Singer Park,True,False,True,True,True,False,False,False,True
Glenview Park,True,False,True,True,False,False,True,True,False
Alum Rock Park,False,False,True,True,False,False,True,False,False
Sierra Vista Open Space Preserve,False,True,False,True,True,False,False,True,False
Fleming Park,False,False,False,True,True,False,False,False,True
Alum Rock Park - Cherry Flats Reservoir,True,False,True,True,False,False,False,False,False
Alviso Community Garden,False,True,True,False,False,False,False,True,False
Alviso Park - Joint Use,True,True,True,True,False,False,False,False,True
Alviso Park,True,True,True,True,True,True,False,True,False
Fair Playgrounds,True,False,False,True,True,False,False,True,False
Fair Swim Center,False,False,False,True,False,True,False,False,False
Welch Park,True,True,False,False,True,False,False,False,True
Circolare Park,True,True,True,False,False,True,False,True,False
Evergreen Village Square,False,False,True,True,False,False,False,True,True
Pocket Park No. 16,True,False,True,True,False,False,False,True,False
Altia Corridor Park,True,True,True,True,False,True,False,True,False
Verona Playground,True,False,True,True,False,False,False,True,False
San Tropico Playground,False,True,False,False,False,False,True,False,False
Michelangelo Park,True,True,True,True,True,False,False,True,False
Fernish Park,True,True,False,True,True,False,False,False,False
Scenic Meadows,True,False,True,True,False,False,False,False,True
Rachaella Lane Dedication,False,True,True,True,False,False,False,False,False
Classico Park,True,True,False,True,False,True,False,False,False
Tapestry Park,True,True,True,True,False,False,False,True,False
Agnews Park,True,False,True,True,False,False,False,False,False
Arcadia Ballpark,True,True,True,True,True,False,False,False,False
Vista Montaña (1 acre),False,True,True,False,False,True,False,True,False
Baypointe Interim Park,True,True,False,True,False,False,False,False,False
Berryessa Youth Center - Morrill Joint Use,False,True,True,True,True,False,False,True,False
Vineyard Lake Park,True,False,False,True,True,False,False,True,False
Chaboya Ranch Dedication,False,False,True,False,False,False,False,False,False
Richmond Ranch Open Space,False,False,False,True,False,False,True,False,True
Richmond Ranch Open Space,True,False,False,True,False,False,False,False,False
Lake Cunningham Park,False,True,True,False,True,True,False,False,False
Pocket Park No. 20,False,True,True,True,False,False,False,True,False
Pocket Park No. 1,True,False,True,True,False,False,False,False,True
Metzger Ranch House,False,True,True,False,False,False,False,True,False
Pocket Park No. 14,True,False,True,False,False,False,False,False,False
West Evergreen Park,True,False,True,True,False,False,False,False,True
Hacienda Park,True,True,True,True,True,False,False,False,False
Environmental Innovation Center (Las Plumas Warehouse),False,False,False,False,True,False,True,True,False
Roosevelt Park (Aux. Parking),True,True,True,False,True,False,False,False,False
Brooktree Park,True,False,True,True,False,False,False,True,False
Vinci Park,True,True,True,True,True,False,False,True,True
Esther Medina Park,True,True,True,True,False,False,False,False,False
Pocket Park No. 4,True,True,True,True,False,False,False,False,False
Madden Park,False,False,False,True,True,False,False,False,True
Pocket Park No. 8,True,True,True,False,False,False,False,False,True
P.A.L. Stadium Park,True,False,True,True,False,False,False,False,False
Aborn Park (Open Space),True,True,True,True,True,True,True,True,True
Aborn Park,True,False,False,True,True,True,False,True,False
Guadalupe River Park - Discovery Meadow,True,True,True,True,False,True,False,True,False
Guadalupe Gardens - Historic Orchard,True,False,True,True,False,False,False,False,False
Guadalupe Gardens - Courtyard Garden,True,False,True,False,False,False,False,False,False
Guadalupe Gardens - Community Garden,True,False,False,True,True,False,False,False,False
Guadalupe Gardens,True,True,True,True,True,True,False,True,False
River Oaks Pathway,False,False,True,False,False,False,False,True,False
Riverview Park,False,True,False,True,False,False,False,False,False
Guadalupe Gardens - Heritage Rose Garden,True,True,False,False,False,False,False,True,True
Falcon Place Tot Lot,True,False,True,True,True,False,False,False,False
Guadalupe Yard - Asbury,False,True,False,True,True,False,False,False,False
Guadalupe River Park - Childrens' Discovery Museum,False,True,True,True,False,False,False,True,False
Guadalupe River Park - Veterans Memorial,False,True,True,True,False,False,True,False,True
Guadalupe River Park - Arena Green (East Confluence),True,False,True,True,True,False,False,True,False
Del Monte Park - Phase III,True,False,False,True,True,True,False,False,False
Cathedral Oaks Park,False,True,False,True,False,False,False,False,False
Tuscany Hills Open Space,False,True,True,True,False,False,False,False,False
Grand Staircase,True,True,True,True,False,False,False,True,False
Murdock Park,False,True,True,True,True,False,True,False,False
Marijane Hamann Park,False,False,True,True,False,False,False,False,False
Municipal Rose Garden,True,True,True,True,False,False,False,False,True
Hester Park - Joint Use,True,True,True,True,False,False,False,False,False
Saratoga Creek Park,True,False,True,True,False,False,False,False,False
Calabazas Community Garden,True,False,True,True,False,False,False,True,False
Frank M. Santana Park,True,False,False,True,True,False,False,False,False
Hester Park,False,False,True,True,False,False,False,True,False
Buena Vista Park,False,True,True,True,False,False,True,True,False
Doerr Park,True,True,True,False,True,False,False,False,False
Lone Hill Park,True,True,False,True,False,False,False,False,True
Berryessa Creek Park,False,False,False,True,False,False,True,True,True
Cimarron Park,True,True,True,False,False,False,False,True,False
Noble Park,True,False,True,True,False,False,False,True,False
Gran Paradiso Park,False,True,True,False,False,True,False,False,True
Penitencia Creek County Park -Reach 4B (PEN07),True,True,False,True,False,False,False,False,True
Penitencia Creek Park (County) -Reach 3 (PEN09),False,True,True,True,False,False,False,False,True
Penitencia Creek County Park,True,True,True,True,False,True,False,True,False
Overfelt Gardens,False,False,True,True,False,False,False,True,False
Noble House,False,True,True,True,False,False,False,False,False
Overfelt Gardens Amphitheater,False,False,False,True,True,False,False,False,False
Newbury Park,True,True,True,True,False,False,False,False,False
Berryessa Community Garden,True,False,True,True,False,False,False,False,False
Northwood Park,False,True,False,False,False,True,False,True,False
Noble Modular Neighborhood Center,True,False,False,True,True,False,False,False,False
Iris Chang Park,False,True,True,True,False,False,False,True,False
Vista Montaña (5 acre),True,True,False,True,False,False,True,True,False
Orchard Playground and Sportsfield,True,True,True,True,False,False,True,False,False
Children of the Rainbow Park,False,False,False,False,False,False,False,True,True
Alum Rock Youth Center,True,True,False,True,True,False,False,False,False
Lower Silver Creek (North) - Reach 13 (SCL13),True,False,True,True,False,False,False,False,True
Boys & Girls Club Soccer Field,False,True,False,True,False,False,False,False,False
Pocket Park No. 3,True,True,True,True,False,False,False,False,False
CFD 2 Streetscaping,True,False,True,True,False,False,False,True,True
Pocket Park No. 2,False,False,False,True,False,False,False,False,False
Boggini Park,False,False,True,True,True,False,False,False,False
Pocket Park No. 9,True,False,True,True,True,False,False,False,False
Pocket Park No. 7,True,True,False,True,True,False,False,True,False
Pocket Park No. 6,False,True,True,True,False,False,False,False,False
Murillo Park,True,False,False,True,False,True,True,True,False
Murillo Park,True,False,False,True,True,False,False,True,True
Pocket Park No. 21,True,True,True,True,True,False,False,False,False
Pocket Park No. 5,True,True,True,True,True,False,False,True,False
Pocket Park No. 5,False,False,True,True,True,False,False,False,False
Pocket Park No. 10,False,True,True,True,True,False,False,True,False
Quimby Creek Lands,True,False,True,False,False,False,False,True,False
Basking Ridge Park,False,True,True,True,True,False,False,True,False
Sobrato Site,True,True,True,True,False,False,False,False,False
Groesbeck Hill Park,True,True,True,True,True,False,False,False,True
Parkview III Park,True,False,True,True,False,True,False,False,False
William H. Cilker Park,True,False,True,True,True,True,False,False,False
Erikson Park,False,True,False,True,False,True,False,True,True
Vista Park,False,True,False,True,True,False,False,True,True
Thousand Oaks Park,True,False,False,False,False,False,False,True,False
Erikson Park,False,False,True,True,False,False,False,False,False
Branham Park,True,True,True,True,False,False,False,True,False
Willow Street Frank Bramhall Park,True,False,True,True,False,True,False,False,False
St. Elizabeth Park,False,True,True,False,False,False,False,True,False
Carolyn Norris Park,True,True,True,True,False,False,False,False,True
De Anza Park,False,False,True,True,False,False,False,True,False
Calabazas Park,True,False,True,True,False,False,False,False,False
Rainbow Park,True,False,True,True,False,False,False,False,False
Rainbow Community Garden,True,True,False,True,False,False,False,False,False
Bellevue Park,True,False,False,False,True,False,False,True,False
Coyote Valley Open Space Preserve,True,False,False,True,True,False,False,True,True
John P. McEnery Park,False,False,True,True,True,False,False,False,False
Vieira Park Overlook,True,False,True,False,True,False,False,False,False
Our Park,False,False,True,True,False,False,False,False,False
LoBue Park,False,False,True,True,False,False,False,False,False
Mt. Pleasant Park,False,False,True,True,False,False,True,True,False
Comanche Park,True,False,False,True,False,False,False,False,True
Calero Park,True,True,True,True,False,False,False,True,False
George Page Park,False,False,True,False,False,False,False,True,False
Edenvale Garden Park,False,True,True,True,False,False,False,False,False
Palmia Park,False,True,True,True,False,False,True,False,False
Danna Rock Park,True,False,True,True,False,False,False,True,False
Parque de Padre Mateo Sheedy,False,True,True,True,False,False,False,True,False
O'Donnell's Gardens Park,True,False,True,True,False,False,False,True,False
Biebrach Park,True,False,True,True,False,False,False,False,False
Cahill Park,False,True,True,True,True,False,False,True,False
Raymond Bernal Jr. Memorial Park,True,True,True,True,False,False,False,True,False
Hummingbird Park,False,True,True,True,True,False,False,False,False
Rosemary Gardens Park,True,True,True,True,True,False,True,False,False
St. James Park,True,False,True,True,False,True,False,True,False
Fuller Avenue Park - Joint Use,True,True,False,True,False,False,False,False,False
Fuller Avenue Park,True,True,False,True,False,False,False,False,False
Bestor Art Park,True,False,True,True,False,False,False,False,False
Backesto Park,False,False,False,True,True,False,False,True,False
Bestor Art Park Community Garden,True,False,True,True,False,False,False,True,False
Pellier Park,True,False,False,True,False,False,False,False,False
Gregory Tot Lot,False,False,False,True,False,False,False,False,False
Meadowfair Park,True,False,True,True,False,False,False,True,False
Ramblewood Park,False,True,False,True,False,False,False,False,False
Barberry Lane Walkway - Reach B (BAR02),True,True,True,True,False,False,False,True,False
Barberry Lane Walkway - Reach C (BAR03),True,False,True,True,False,False,False,False,False
Falls Creek Park,False,False,True,True,False,False,False,False,False
Montgomery Hill Park,True,False,False,True,False,False,False,False,False
Evergreen Park,True,False,True,False,True,False,False,True,False
Fowler Creek Park,False,False,True,True,False,True,False,False,True
Patty O'Malley Sports Fields,True,False,True,True,False,False,False,False,False
Rusty Areias Community Garden,False,True,True,True,False,False,False,False,True
Martial Cottle County Park,False,False,False,False,False,True,False,True,False
Venetian Terrace Park,True,False,True,True,True,False,False,True,False
Doerr Parkway - Reach 01 (DOR01),True,True,True,True,False,True,False,False,False
Paul Moore Park,True,False,True,False,False,False,False,True,False
Starbird Park,False,True,True,True,False,False,False,False,False
Richard E Huerta Park,True,False,True,True,False,False,False,False,False
John Mise Park,True,True,True,True,True,False,False,True,False
Hathaway Park,True,False,True,True,False,False,False,False,False
San Tomas Park,True,True,True,True,False,False,True,False,False
Houge Park,False,False,True,True,False,False,False,False,False
Kirk Park,True,True,True,True,False,False,False,False,False
San Jose Municipal Golf Course,True,False,True,True,True,True,False,False,False
Coyote Creek Parkchain - Reach (COY05.6),True,False,False,True,False,False,False,False,False
Bruzzone Park,True,True,False,False,False,False,False,False,False
Mercado Park,True,True,False,True,True,False,False,False,False
Moitozo Park,False,False,False,True,False,False,False,True,False
Flickinger Park,True,False,True,True,False,False,False,False,False
Los Paseos Park,True,True,True,True,False,False,False,True,False
Pocket Park No. 22,True,False,True,True,False,False,False,False,False
Los Paseos Pathway,True,False,True,True,False,False,False,False,False
Los Paseos Youth Center,True,True,False,True,False,False,True,True,False
Carrabelle Park,True,False,True,True,False,False,False,False,True
Almaden Winery Park,True,True,True,True,False,False,False,True,False
Almaden Lake Park,False,True,True,True,False,False,False,False,False
Jeffery Fontana Park,True,False,False,True,True,False,False,False,False
Guadalupe Oak Grove Park,True,False,True,True,False,False,True,False,False
T.J. Martin Park,False,False,True,True,False,False,False,False,False
Almaden Lake Park - Yard,False,False,True,True,True,False,False,False,False
Pfeiffer Park,False,True,False,False,True,False,False,False,False
Pocket Park - MD1,True,True,True,True,False,False,False,True,False
La Colina Community Garden,False,False,False,True,False,False,True,True,False
La Colina Park,False,True,True,True,False,False,False,True,False
Albertson Parkway,False,True,True,True,False,False,False,True,False
Ramac Park,True,False,True,True,True,False,False,False,False
Raleigh Park,True,False,False,True,True,False,False,False,False
Solari Park,True,False,True,True,False,False,False,True,False
River Oaks Park,False,False,False,False,False,False,False,True,True
Silver Creek Linear Park - Chelmers Property,True,True,True,True,True,False,True,False,True
Brigadoon Park,True,False,False,True,False,False,False,False,False
Metcalf Park,True,True,True,True,True,False,False,True,False
Piercy Park,True,False,True,True,False,False,False,True,False
Coyote Creek Parkchain - Reach 22A (COY22A) ,False,False,True,False,False,False,False,False,False
Miramonte Open Space,True,False,True,False,False,False,False,True,False
Motorcycle County Park,False,False,False,True,True,True,True,False,False
Dove Hill Park,True,True,True,False,True,False,True,False,False
Sylvia Cassell Park,True,False,False,False,True,False,False,False,False
El Jardin Community Garden,True,True,True,True,True,False,True,True,False
Emma Prusch Farm Park,True,True,True,False,False,False,False,True,False
Rancho del Pueblo Golf Course,True,True,True,True,True,False,False,False,False
Capitol Park,False,True,False,False,False,False,False,True,False
Zolezzi Park,True,True,False,True,False,False,False,False,False
San Antonio Tot Lot,False,False,True,True,False,False,False,True,False
Cornucopia Community Garden,True,True,True,False,False,True,True,True,False
Parque de la Amistad,False,False,True,False,False,True,False,True,False
Turtle Rock Park,True,True,True,True,False,False,False,False,False
Nisich Park,True,False,True,True,True,False,False,False,False
McLaughlin Park,True,False,False,True,False,False,False,False,True
Vieira Park,False,True,True,False,False,True,False,False,False
Waterford Park,True,False,True,True,False,False,False,False,True
Melody Park,True,True,False,True,True,False,False,False,False
Discovery Community Garden,True,True,True,True,False,False,True,False,False
Great Oaks Park,True,True,False,False,True,False,False,False,False
Shady Oaks Open Space,False,False,True,True,False,False,False,True,True
Hellyer County Park,False,True,True,True,True,True,False,False,False
Coyote Creek Parkchain - Reach 18 (COY18),True,False,True,False,False,False,False,False,True
Coyote Creek Parkchain - Reach 19A (COY19A),False,False,True,False,False,True,True,True,False
Coyote Creek Parkchain - Reach 19A (COY19A),False,True,True,True,True,False,False,True,True
Silver Leaf Park,True,True,False,True,False,False,True,False,False
Pocket Park No. 15,True,True,False,False,False,False,False,True,False
Brigadoon Tot Lot,False,False,True,True,True,False,False,False,False
Columbus Park,True,False,True,True,True,False,False,True,True
Coyote Creek Parkchain - SCC,False,True,True,True,False,False,False,True,True
Coyote Creek Parkchain - SCC,True,False,True,True,False,False,False,False,False
Anderson Lake County Park,False,False,False,True,True,False,False,False,False
Roosevelt Park,False,False,True,True,True,False,False,False,False
Coyote Creek Parkchain  - Reach (COY05.4),True,True,True,True,False,False,False,False,True
Orchard Park,False,True,True,True,False,False,False,False,False
Kelley Park - San Jose History Park,True,False,True,False,False,False,False,False,False
Rocksprings Park,True,False,True,True,True,False,False,False,False
Kelley Park - Japanese Friendship Garden,False,True,False,True,True,True,False,False,True
Central Service Yard (Trees),True,False,True,False,False,False,False,False,False
Coyote Creek Parkchain - Reach (COY05.1),True,False,True,True,True,False,False,False,True
Coyote Creek Parkchain - Reach 4B (COY14),True,False,True,True,True,False,False,True,False
Coyote Creek Parkchain - Reach 4a (COY13),True,False,False,False,False,False,True,True,True
Los Lagos Golf Course,True,False,True,True,False,False,False,False,False
Tully Community Ballfields,False,False,True,False,False,False,False,False,False
Lone Bluff Park,True,False,True,True,True,False,False,False,True
Nuestra Tierra Community Garden,True,True,True,True,True,False,False,False,True
La Ragione Tot Lot,True,False,False,True,False,True,True,False,True
Coyote Creek Parkchain - Reach 4B (COY14),False,True,True,True,False,False,False,True,False
Stonegate Park,True,False,True,True,False,False,False,True,False
Carroll Property,True,True,True,True,False,False,False,False,False
Kelley Park,False,True,False,True,False,True,False,True,False
Windmill Springs Park,True,False,True,True,False,True,False,True,True
Umbarger Pathway,False,False,True,True,False,False,False,False,True
Townsend Park,True,False,False,False,False,False,False,False,False
Bonita Park,True,False,False,True,False,False,False,False,False
Canyon Creek Park,False,True,False,True,True,False,False,False,False
Canyon Creek Park (undeveloped),True,True,True,True,False,False,False,True,False
Shady Oaks Park,False,False,True,True,False,True,False,False,True
Santa Teresa Golf Course,False,False,False,True,False,False,False,True,False
Century Oaks Park,True,True,True,True,False,False,True,False,False
Rancho Canada Del Oro Open Space Preserve ,True,False,True,True,True,False,False,True,True
Mayfair Community Garden,False,False,True,True,False,False,False,True,False
Mayfair Park,False,False,True,True,False,False,False,False,False
Lower Silver Creek (North) - Reach 09A (SCL09A),False,True,True,False,False,False,False,True,False
Lower Silver Creek (North) - Reach 07A (SCL07A),True,True,True,True,True,False,False,False,False
Plata Arroyo Park,False,True,False,True,False,False,False,True,False
Hillview Park,False,True,False,True,False,False,False,False,False
Commodore Park,True,False,True,True,False,False,False,True,False
Forestdale Tot Lot,True,False,True,False,True,False,False,True,False
Martin Park,False,True,False,True,False,False,False,False,False
Camden Park,True,True,False,False,True,False,False,False,False
William Street Park,True,False,True,False,False,False,False,True,True
Selma Olinder Park,True,True,True,True,False,False,False,False,False
Watson Park,False,False,True,True,False,False,False,False,True
Selma Olinder Park -Sports Fields,False,False,True,True,False,False,False,True,False
Autumn Terrace Pocket Park,False,True,True,True,False,False,False,True,False
Coyote Creek Parkchain - Reach 1a-1 (COY08),False,True,True,False,False,False,False,False,False
Coyote Creek Parkchain - Reach D2A (COY03),False,False,True,True,True,False,False,False,False
Penitencia Creek Park,True,False,True,True,False,False,False,False,False
Coyote Creek Parkchain - Reach D3A (COY04),False,True,True,True,True,False,False,True,False
Cataldi Park,True,False,True,True,False,True,False,False,False
Guadalupe River Park - Arena Green,True,True,True,True,False,True,False,False,False
Silver Creek Linear Park - Firestation #24,True,False,True,True,True,False,False,False,False
Silver Creek Linear Park - PG&E Substation,True,True,False,True,False,False,False,True,False
Silver Creek Linear Park,True,False,True,True,True,False,False,False,False
Almaden Meadows Park,True,False,True,True,False,False,False,False,False
Newhall Park,True,False,False,False,False,True,False,True,False
National Wildlife Refuge,False,False,True,True,True,True,False,False,True
Alviso Marina (County),False,True,False,True,False,False,False,True,False
Calero Reservoir County Park,True,False,True,False,False,False,False,True,False
San Jose Family Camp,True,False,True,True,True,False,False,True,False
Santa Teresa County Park,True,True,True,True,False,False,False,True,False
Norwood Creek Park,True,False,True,True,False,False,False,True,False
Meadowfair Expansion Site,False,False,True,True,False,False,False,True,False
Payne Ave Friendship Park,True,True,True,True,False,True,False,False,False
The Beautiful Way Park,False,False,True,False,True,False,False,False,False
Del Monte Park,True,True,False,True,False,False,False,False,True
Delano Manongs Park,True,False,True,True,True,False,False,False,False
Monkton Court Parkland,False,False,True,True,False,True,False,True,False
Esther Medina Park Phase 3,False,True,False,True,True,False,False,True,True
Mt. Pleasant Park Joint Use and Tennis Courts,False,True,True,False,False,False,True,False,False
Winchester Orchard Park,False,False,True,True,False,False,False,False,False
Mariposa Park,True,True,True,True,False,False,False,True,False
Chris Hotts Park (Open Space),True,True,True,False,False,False,False,True,True
Golden Oak Park,True,False,False,True,True,False,True,False,False
Esther Medina Community Garden,True,True,False,False,False,False,True,True,True
Winchester Ranch Park (Potential POPO),True,True,True,True,True,False,False,False,False
Meadowfair Park Potential Transit Connection,False,True,True,True,False,False,False,False,False
199 Race Street - Future Park,True,False,True,True,False,True,False,True,False
460 Park Ave. - Future Park,False,False,True,True,False,False,False,True,False
Norwood Creek Park - Joint Use,True,True,True,True,True,False,False,True,False
Vietnamese Heritage Community Garden,True,False,True,True,False,True,False,False,True
Montague and Seely - Future Park,True,True,True,True,False,False,False,False,False
Boys & Girls Club Soccer Field Easement (JU),False,True,True,False,False,True,False,False,False
Silver Creek Linear Park - Picnic Meadow,True,False,False,True,False,False,True,False,False
Alviso Park Expansion Areas,True,True,True,True,False,False,False,False,False
Alviso Park Expansion Area - Phase 1,False,True,False,True,True,False,False,False,False
Alviso Park Expansion Areas,False,False,True,True,True,False,False,False,False
Senter and Serenade Site,True,False,True,True,False,False,False,True,False
